{
	"type": "FeatureCollection",
	"features": [{
			"type": "Feature",
			"properties": {
				"name": "Ayiou Athanasiou 28, Agios Athanasios 4102, Cyprus to Arrivals 5, Larnaca, Cyprus"
			},
			"geometry": {
				"type": "MultiLineString",
				"coordinates": [
					[
						[
							33.05986,
							34.70234
						],
						[
							33.05992,
							34.70278
						],
						[
							33.06029,
							34.70428
						],
						[
							33.0606,
							34.70559
						],
						[
							33.06076,
							34.70634
						],
						[
							33.0607,
							34.70665
						],
						[
							33.06041,
							34.70688
						],
						[
							33.06036,
							34.70707
						],
						[
							33.06042,
							34.70726
						],
						[
							33.06052,
							34.70734
						],
						[
							33.06079,
							34.70742
						],
						[
							33.0614,
							34.70732
						],
						[
							33.06445,
							34.70778
						],
						[
							33.06649,
							34.70801
						],
						[
							33.07434,
							34.70928
						],
						[
							33.07674,
							34.70967
						],
						[
							33.07889,
							34.70995
						],
						[
							33.08041,
							34.70989
						],
						[
							33.08211,
							34.70955
						],
						[
							33.08684,
							34.70813
						],
						[
							33.09105,
							34.70691
						],
						[
							33.09354,
							34.70646
						],
						[
							33.09504,
							34.7063
						],
						[
							33.09728,
							34.70621
						],
						[
							33.09884,
							34.70627
						],
						[
							33.10126,
							34.70653
						],
						[
							33.10294,
							34.70682
						],
						[
							33.11914,
							34.70976
						],
						[
							33.12226,
							34.71042
						],
						[
							33.12448,
							34.71109
						],
						[
							33.13132,
							34.71374
						],
						[
							33.13466,
							34.71492
						],
						[
							33.13903,
							34.71625
						],
						[
							33.14463,
							34.71781
						],
						[
							33.14678,
							34.71821
						],
						[
							33.14784,
							34.71833
						],
						[
							33.14955,
							34.71839
						],
						[
							33.15131,
							34.71832
						],
						[
							33.15268,
							34.71818
						],
						[
							33.15382,
							34.71798
						],
						[
							33.15499,
							34.7177
						],
						[
							33.159,
							34.71656
						],
						[
							33.16023,
							34.71629
						],
						[
							33.16172,
							34.71607
						],
						[
							33.16361,
							34.71591
						],
						[
							33.16567,
							34.71587
						],
						[
							33.16785,
							34.71601
						],
						[
							33.16918,
							34.71618
						],
						[
							33.17318,
							34.71705
						],
						[
							33.18098,
							34.71883
						],
						[
							33.18583,
							34.71994
						],
						[
							33.19268,
							34.7215
						],
						[
							33.19417,
							34.72185
						],
						[
							33.19514,
							34.72199
						],
						[
							33.19641,
							34.72207
						],
						[
							33.1986,
							34.72205
						],
						[
							33.20108,
							34.72205
						],
						[
							33.20257,
							34.72225
						],
						[
							33.20356,
							34.72253
						],
						[
							33.20432,
							34.72285
						],
						[
							33.20521,
							34.72336
						],
						[
							33.20598,
							34.72395
						],
						[
							33.20662,
							34.72462
						],
						[
							33.20707,
							34.72523
						],
						[
							33.20758,
							34.72618
						],
						[
							33.20903,
							34.72896
						],
						[
							33.20955,
							34.72969
						],
						[
							33.21031,
							34.73052
						],
						[
							33.21158,
							34.73159
						],
						[
							33.21248,
							34.73216
						],
						[
							33.21333,
							34.7326
						],
						[
							33.21522,
							34.7333
						],
						[
							33.21655,
							34.73359
						],
						[
							33.21751,
							34.73371
						],
						[
							33.21924,
							34.73376
						],
						[
							33.22029,
							34.73368
						],
						[
							33.22464,
							34.73328
						],
						[
							33.22769,
							34.73299
						],
						[
							33.22861,
							34.73284
						],
						[
							33.23051,
							34.73238
						],
						[
							33.23184,
							34.73193
						],
						[
							33.23311,
							34.73139
						],
						[
							33.23801,
							34.72894
						],
						[
							33.24318,
							34.7264
						],
						[
							33.24454,
							34.72582
						],
						[
							33.24716,
							34.72484
						],
						[
							33.25038,
							34.72366
						],
						[
							33.25558,
							34.72177
						],
						[
							33.25819,
							34.72088
						],
						[
							33.26022,
							34.72051
						],
						[
							33.26187,
							34.72046
						],
						[
							33.26348,
							34.72061
						],
						[
							33.2648,
							34.72088
						],
						[
							33.26625,
							34.72137
						],
						[
							33.26751,
							34.72197
						],
						[
							33.27073,
							34.72415
						],
						[
							33.27404,
							34.72649
						],
						[
							33.27558,
							34.72753
						],
						[
							33.2778,
							34.72909
						],
						[
							33.28017,
							34.73083
						],
						[
							33.28086,
							34.73144
						],
						[
							33.2821,
							34.7327
						],
						[
							33.28292,
							34.73381
						],
						[
							33.28346,
							34.73468
						],
						[
							33.28416,
							34.73611
						],
						[
							33.28516,
							34.73826
						],
						[
							33.28572,
							34.73944
						],
						[
							33.28619,
							34.7404
						],
						[
							33.2867,
							34.74123
						],
						[
							33.2876,
							34.74238
						],
						[
							33.28856,
							34.74333
						],
						[
							33.2896,
							34.74415
						],
						[
							33.29078,
							34.74489
						],
						[
							33.29212,
							34.74555
						],
						[
							33.2935,
							34.74609
						],
						[
							33.29659,
							34.74732
						],
						[
							33.30116,
							34.74909
						],
						[
							33.3062,
							34.75107
						],
						[
							33.31699,
							34.75528
						],
						[
							33.319,
							34.75611
						],
						[
							33.32092,
							34.75708
						],
						[
							33.3226,
							34.75807
						],
						[
							33.32409,
							34.75909
						],
						[
							33.32563,
							34.76033
						],
						[
							33.32618,
							34.76082
						],
						[
							33.32886,
							34.76328
						],
						[
							33.33465,
							34.76866
						],
						[
							33.33582,
							34.77012
						],
						[
							33.33657,
							34.77147
						],
						[
							33.33718,
							34.77265
						],
						[
							33.33795,
							34.77411
						],
						[
							33.33846,
							34.7749
						],
						[
							33.33925,
							34.77589
						],
						[
							33.34098,
							34.77753
						],
						[
							33.34234,
							34.77877
						],
						[
							33.34303,
							34.77961
						],
						[
							33.34355,
							34.7805
						],
						[
							33.34402,
							34.78193
						],
						[
							33.34412,
							34.78319
						],
						[
							33.34407,
							34.78411
						],
						[
							33.34386,
							34.78751
						],
						[
							33.34384,
							34.78907
						],
						[
							33.34411,
							34.79062
						],
						[
							33.34464,
							34.79213
						],
						[
							33.3459,
							34.79445
						],
						[
							33.34697,
							34.79635
						],
						[
							33.34764,
							34.79781
						],
						[
							33.348,
							34.79893
						],
						[
							33.34832,
							34.80046
						],
						[
							33.34871,
							34.8052
						],
						[
							33.34898,
							34.80643
						],
						[
							33.34958,
							34.80793
						],
						[
							33.3504,
							34.80931
						],
						[
							33.35121,
							34.81033
						],
						[
							33.35249,
							34.81154
						],
						[
							33.35369,
							34.81242
						],
						[
							33.3589,
							34.81525
						],
						[
							33.37124,
							34.82185
						],
						[
							33.37305,
							34.82305
						],
						[
							33.37426,
							34.82399
						],
						[
							33.37523,
							34.82489
						],
						[
							33.37681,
							34.82658
						],
						[
							33.3789,
							34.8288
						],
						[
							33.38071,
							34.83052
						],
						[
							33.38241,
							34.83187
						],
						[
							33.3836,
							34.83267
						],
						[
							33.38558,
							34.83382
						],
						[
							33.38762,
							34.83475
						],
						[
							33.38875,
							34.83537
						],
						[
							33.38983,
							34.83622
						],
						[
							33.39099,
							34.83723
						],
						[
							33.39165,
							34.83764
						],
						[
							33.39212,
							34.83782
						],
						[
							33.39288,
							34.8379
						],
						[
							33.39372,
							34.83776
						],
						[
							33.39444,
							34.83737
						],
						[
							33.39499,
							34.83683
						],
						[
							33.39584,
							34.83572
						],
						[
							33.39718,
							34.83414
						],
						[
							33.39746,
							34.8338
						],
						[
							33.39759,
							34.83379
						],
						[
							33.39839,
							34.83284
						],
						[
							33.39897,
							34.83222
						],
						[
							33.3995,
							34.83178
						],
						[
							33.40001,
							34.83147
						],
						[
							33.40097,
							34.8311
						],
						[
							33.40167,
							34.83097
						],
						[
							33.40219,
							34.83094
						],
						[
							33.40281,
							34.83098
						],
						[
							33.40354,
							34.83113
						],
						[
							33.40462,
							34.83154
						],
						[
							33.40737,
							34.83278
						],
						[
							33.4139,
							34.83572
						],
						[
							33.42836,
							34.84223
						],
						[
							33.431,
							34.84352
						],
						[
							33.43614,
							34.84633
						],
						[
							33.44266,
							34.84992
						],
						[
							33.44881,
							34.85338
						],
						[
							33.45405,
							34.85669
						],
						[
							33.45589,
							34.85761
						],
						[
							33.45671,
							34.85794
						],
						[
							33.45833,
							34.85839
						],
						[
							33.45994,
							34.85867
						],
						[
							33.46767,
							34.8597
						],
						[
							33.46995,
							34.86007
						],
						[
							33.4718,
							34.8605
						],
						[
							33.47366,
							34.86109
						],
						[
							33.47905,
							34.86335
						],
						[
							33.48468,
							34.86576
						],
						[
							33.49305,
							34.86926
						],
						[
							33.49695,
							34.87094
						],
						[
							33.50372,
							34.87391
						],
						[
							33.5056,
							34.875
						],
						[
							33.50663,
							34.87571
						],
						[
							33.5081,
							34.87686
						],
						[
							33.51657,
							34.88356
						],
						[
							33.52095,
							34.88706
						],
						[
							33.52224,
							34.88801
						],
						[
							33.52494,
							34.8895
						],
						[
							33.53313,
							34.8937
						],
						[
							33.53703,
							34.89575
						],
						[
							33.54316,
							34.89939
						],
						[
							33.54414,
							34.89987
						],
						[
							33.54642,
							34.90081
						],
						[
							33.55094,
							34.90265
						],
						[
							33.5523,
							34.90329
						],
						[
							33.55662,
							34.90573
						],
						[
							33.55784,
							34.90632
						],
						[
							33.55986,
							34.90692
						],
						[
							33.56126,
							34.90712
						],
						[
							33.56275,
							34.90724
						],
						[
							33.56613,
							34.90752
						],
						[
							33.56656,
							34.90765
						],
						[
							33.567,
							34.90797
						],
						[
							33.56704,
							34.9083
						],
						[
							33.56736,
							34.90851
						],
						[
							33.56755,
							34.90853
						],
						[
							33.56772,
							34.9085
						],
						[
							33.56803,
							34.90826
						],
						[
							33.56805,
							34.90798
						],
						[
							33.56796,
							34.90782
						],
						[
							33.568,
							34.90753
						],
						[
							33.56823,
							34.90696
						],
						[
							33.56847,
							34.90656
						],
						[
							33.57031,
							34.90414
						],
						[
							33.5714,
							34.90261
						],
						[
							33.57389,
							34.89943
						],
						[
							33.57477,
							34.89832
						],
						[
							33.57631,
							34.89673
						],
						[
							33.57744,
							34.89576
						],
						[
							33.58377,
							34.89077
						],
						[
							33.58722,
							34.88803
						],
						[
							33.58967,
							34.88592
						],
						[
							33.593,
							34.88252
						],
						[
							33.59455,
							34.88091
						],
						[
							33.5952,
							34.88034
						],
						[
							33.59595,
							34.87983
						],
						[
							33.59742,
							34.87909
						],
						[
							33.5993,
							34.87821
						],
						[
							33.60042,
							34.87765
						],
						[
							33.60092,
							34.87729
						],
						[
							33.60171,
							34.87669
						],
						[
							33.60214,
							34.87636
						],
						[
							33.60242,
							34.87621
						],
						[
							33.60288,
							34.87624
						],
						[
							33.60402,
							34.87693
						],
						[
							33.60519,
							34.87741
						],
						[
							33.60607,
							34.87759
						],
						[
							33.60685,
							34.87765
						],
						[
							33.60818,
							34.87758
						],
						[
							33.61212,
							34.87715
						],
						[
							33.61252,
							34.87718
						],
						[
							33.61272,
							34.87726
						],
						[
							33.61287,
							34.87735
						],
						[
							33.61307,
							34.87733
						],
						[
							33.61322,
							34.87726
						],
						[
							33.61351,
							34.87727
						],
						[
							33.61456,
							34.87756
						],
						[
							33.61545,
							34.87799
						],
						[
							33.61651,
							34.87877
						],
						[
							33.61815,
							34.88012
						],
						[
							33.62172,
							34.88304
						],
						[
							33.62197,
							34.88332
						],
						[
							33.62207,
							34.88364
						],
						[
							33.62225,
							34.8839
						],
						[
							33.62237,
							34.88449
						],
						[
							33.62251,
							34.88517
						],
						[
							33.62291,
							34.88573
						],
						[
							33.62323,
							34.88599
						],
						[
							33.62419,
							34.88647
						],
						[
							33.62562,
							34.88723
						],
						[
							33.62781,
							34.88879
						],
						[
							33.62976,
							34.89026
						],
						[
							33.63026,
							34.89071
						],
						[
							33.63191,
							34.89242
						],
						[
							33.63229,
							34.89301
						],
						[
							33.63235,
							34.89351
						],
						[
							33.63223,
							34.89404
						],
						[
							33.63174,
							34.89473
						],
						[
							33.63094,
							34.89569
						],
						[
							33.63044,
							34.89657
						],
						[
							33.63026,
							34.89796
						],
						[
							33.63021,
							34.90003
						],
						[
							33.6302,
							34.90048
						],
						[
							33.62997,
							34.90049
						],
						[
							33.62986,
							34.90064
						],
						[
							33.62995,
							34.90104
						],
						[
							33.62971,
							34.901
						],
						[
							33.62948,
							34.90095
						],
						[
							33.62943,
							34.9009
						],
						[
							33.62935,
							34.90091
						],
						[
							33.62903,
							34.90098
						],
						[
							33.62893,
							34.90105
						],
						[
							33.6284,
							34.90235
						],
						[
							33.62828,
							34.90269
						],
						[
							33.62737,
							34.90236
						],
						[
							33.6271,
							34.90257
						],
						[
							33.62677,
							34.90292
						],
						[
							33.62649,
							34.90285
						],
						[
							33.62634,
							34.90276
						]
					]
				]
			}
		},
		{
			"type": "Feature",
			"properties": {
				"name": "Arrivals 5, Larnaca, Cyprus to Digeni Akrita 87, Nicosia, Cyprus"
			},
			"geometry": {
				"type": "MultiLineString",
				"coordinates": [
					[
						[
							33.62634,
							34.90276
						],
						[
							33.62649,
							34.90285
						],
						[
							33.62677,
							34.90292
						],
						[
							33.6271,
							34.90257
						],
						[
							33.62732,
							34.9024
						],
						[
							33.62737,
							34.90236
						],
						[
							33.62754,
							34.9024
						],
						[
							33.62829,
							34.90269
						],
						[
							33.62831,
							34.90255
						],
						[
							33.62868,
							34.90167
						],
						[
							33.62897,
							34.90101
						],
						[
							33.62909,
							34.90096
						],
						[
							33.62932,
							34.90094
						],
						[
							33.62934,
							34.90101
						],
						[
							33.62945,
							34.90102
						],
						[
							33.62948,
							34.90099
						],
						[
							33.62971,
							34.901
						],
						[
							33.62995,
							34.90104
						],
						[
							33.62989,
							34.90181
						],
						[
							33.62992,
							34.90186
						],
						[
							33.62999,
							34.90188
						],
						[
							33.63024,
							34.90189
						],
						[
							33.63025,
							34.90231
						],
						[
							33.63024,
							34.90335
						],
						[
							33.62984,
							34.90588
						],
						[
							33.62976,
							34.90619
						],
						[
							33.62939,
							34.90854
						],
						[
							33.62932,
							34.90908
						],
						[
							33.62891,
							34.91109
						],
						[
							33.62892,
							34.91121
						],
						[
							33.62884,
							34.91132
						],
						[
							33.62857,
							34.91222
						],
						[
							33.62836,
							34.91279
						],
						[
							33.62773,
							34.9142
						],
						[
							33.62726,
							34.91521
						],
						[
							33.6272,
							34.91528
						],
						[
							33.62706,
							34.91538
						],
						[
							33.62577,
							34.91592
						],
						[
							33.62551,
							34.91602
						],
						[
							33.62536,
							34.91613
						],
						[
							33.62528,
							34.91633
						],
						[
							33.625,
							34.91634
						],
						[
							33.62485,
							34.91638
						],
						[
							33.62388,
							34.91684
						],
						[
							33.62312,
							34.91716
						],
						[
							33.62232,
							34.91744
						],
						[
							33.62088,
							34.91794
						],
						[
							33.61964,
							34.91839
						],
						[
							33.61901,
							34.91872
						],
						[
							33.61823,
							34.91918
						],
						[
							33.6168,
							34.92004
						],
						[
							33.61322,
							34.92216
						],
						[
							33.6112,
							34.92331
						],
						[
							33.61056,
							34.92362
						],
						[
							33.60962,
							34.92414
						],
						[
							33.60924,
							34.92441
						],
						[
							33.60877,
							34.92476
						],
						[
							33.60805,
							34.92537
						],
						[
							33.60624,
							34.92694
						],
						[
							33.60573,
							34.92732
						],
						[
							33.60458,
							34.92804
						],
						[
							33.60435,
							34.92816
						],
						[
							33.60427,
							34.92822
						],
						[
							33.60424,
							34.9282
						],
						[
							33.60418,
							34.92816
						],
						[
							33.60404,
							34.92813
						],
						[
							33.60394,
							34.92813
						],
						[
							33.60383,
							34.92817
						],
						[
							33.60375,
							34.92823
						],
						[
							33.60369,
							34.92832
						],
						[
							33.60361,
							34.92851
						],
						[
							33.6035,
							34.92863
						],
						[
							33.60337,
							34.92871
						],
						[
							33.60166,
							34.92958
						],
						[
							33.59799,
							34.93131
						],
						[
							33.59747,
							34.9316
						],
						[
							33.59585,
							34.93273
						],
						[
							33.59549,
							34.93297
						],
						[
							33.59435,
							34.93376
						],
						[
							33.59319,
							34.93463
						],
						[
							33.5901,
							34.93693
						],
						[
							33.58992,
							34.93703
						],
						[
							33.58974,
							34.93702
						],
						[
							33.58955,
							34.93704
						],
						[
							33.58942,
							34.93712
						],
						[
							33.58935,
							34.93728
						],
						[
							33.58936,
							34.93735
						],
						[
							33.58928,
							34.93752
						],
						[
							33.58915,
							34.93766
						],
						[
							33.58586,
							34.94014
						],
						[
							33.58264,
							34.94259
						],
						[
							33.58254,
							34.94272
						],
						[
							33.58236,
							34.9428
						],
						[
							33.58055,
							34.94416
						],
						[
							33.57994,
							34.94464
						],
						[
							33.57944,
							34.94509
						],
						[
							33.57855,
							34.94598
						],
						[
							33.57783,
							34.9467
						],
						[
							33.57691,
							34.9475
						],
						[
							33.57651,
							34.9478
						],
						[
							33.575,
							34.94882
						],
						[
							33.57471,
							34.94904
						],
						[
							33.57442,
							34.94933
						],
						[
							33.57403,
							34.94984
						],
						[
							33.57385,
							34.95018
						],
						[
							33.57355,
							34.95122
						],
						[
							33.57336,
							34.95192
						],
						[
							33.57325,
							34.95224
						],
						[
							33.57314,
							34.95239
						],
						[
							33.57296,
							34.95249
						],
						[
							33.5728,
							34.95269
						],
						[
							33.57277,
							34.95278
						],
						[
							33.57272,
							34.95296
						],
						[
							33.57271,
							34.95319
						],
						[
							33.5728,
							34.95338
						],
						[
							33.57286,
							34.95359
						],
						[
							33.57287,
							34.95377
						],
						[
							33.57247,
							34.95531
						],
						[
							33.57227,
							34.95595
						],
						[
							33.57203,
							34.95657
						],
						[
							33.57149,
							34.95766
						],
						[
							33.57109,
							34.95832
						],
						[
							33.57072,
							34.95886
						],
						[
							33.57032,
							34.95935
						],
						[
							33.56953,
							34.96021
						],
						[
							33.56888,
							34.96079
						],
						[
							33.56833,
							34.96122
						],
						[
							33.56722,
							34.96194
						],
						[
							33.56667,
							34.96224
						],
						[
							33.56595,
							34.9626
						],
						[
							33.56505,
							34.96298
						],
						[
							33.56187,
							34.96432
						],
						[
							33.55132,
							34.96874
						],
						[
							33.54387,
							34.97187
						],
						[
							33.536,
							34.97517
						],
						[
							33.53261,
							34.97656
						],
						[
							33.53145,
							34.97695
						],
						[
							33.53003,
							34.97734
						],
						[
							33.52877,
							34.97762
						],
						[
							33.52519,
							34.97828
						],
						[
							33.52301,
							34.97871
						],
						[
							33.52159,
							34.9791
						],
						[
							33.52029,
							34.97958
						],
						[
							33.51932,
							34.98
						],
						[
							33.51624,
							34.98166
						],
						[
							33.51007,
							34.98501
						],
						[
							33.50229,
							34.98923
						],
						[
							33.49873,
							34.99117
						],
						[
							33.49693,
							34.99214
						],
						[
							33.49598,
							34.99258
						],
						[
							33.49522,
							34.99289
						],
						[
							33.49371,
							34.99339
						],
						[
							33.49239,
							34.99371
						],
						[
							33.49156,
							34.99387
						],
						[
							33.49019,
							34.99406
						],
						[
							33.48852,
							34.99414
						],
						[
							33.48724,
							34.99411
						],
						[
							33.48621,
							34.99399
						],
						[
							33.48459,
							34.99375
						],
						[
							33.47764,
							34.99236
						],
						[
							33.46916,
							34.99068
						],
						[
							33.46736,
							34.99043
						],
						[
							33.46593,
							34.99032
						],
						[
							33.4641,
							34.99031
						],
						[
							33.46329,
							34.99032
						],
						[
							33.46177,
							34.99044
						],
						[
							33.46035,
							34.99065
						],
						[
							33.45869,
							34.99098
						],
						[
							33.45702,
							34.99142
						],
						[
							33.45318,
							34.99251
						],
						[
							33.44183,
							34.99576
						],
						[
							33.44031,
							34.99619
						],
						[
							33.43854,
							34.99664
						],
						[
							33.43761,
							34.99685
						],
						[
							33.43621,
							34.99712
						],
						[
							33.43481,
							34.99735
						],
						[
							33.43353,
							34.99752
						],
						[
							33.43133,
							34.99771
						],
						[
							33.42524,
							34.99818
						],
						[
							33.41496,
							34.99902
						],
						[
							33.40688,
							34.99966
						],
						[
							33.40451,
							34.99988
						],
						[
							33.4027,
							35.00019
						],
						[
							33.4009,
							35.00065
						],
						[
							33.39915,
							35.00125
						],
						[
							33.39755,
							35.00193
						],
						[
							33.39627,
							35.00251
						],
						[
							33.39409,
							35.00347
						],
						[
							33.39325,
							35.00374
						],
						[
							33.39258,
							35.0039
						],
						[
							33.39152,
							35.00404
						],
						[
							33.38999,
							35.00425
						],
						[
							33.38944,
							35.00435
						],
						[
							33.38877,
							35.00458
						],
						[
							33.38846,
							35.00474
						],
						[
							33.38816,
							35.00495
						],
						[
							33.38768,
							35.00542
						],
						[
							33.3875,
							35.00567
						],
						[
							33.3873,
							35.00606
						],
						[
							33.38678,
							35.00724
						],
						[
							33.38659,
							35.00767
						],
						[
							33.38628,
							35.00824
						],
						[
							33.38579,
							35.00899
						],
						[
							33.38502,
							35.01021
						],
						[
							33.38376,
							35.0123
						],
						[
							33.38314,
							35.01354
						],
						[
							33.38261,
							35.01473
						],
						[
							33.3822,
							35.01585
						],
						[
							33.38187,
							35.0168
						],
						[
							33.38153,
							35.01805
						],
						[
							33.38124,
							35.01926
						],
						[
							33.381,
							35.02069
						],
						[
							33.38079,
							35.02252
						],
						[
							33.38074,
							35.02348
						],
						[
							33.38074,
							35.02461
						],
						[
							33.38084,
							35.02656
						],
						[
							33.38094,
							35.02742
						],
						[
							33.38121,
							35.02912
						],
						[
							33.38137,
							35.02986
						],
						[
							33.38202,
							35.03268
						],
						[
							33.38337,
							35.03887
						],
						[
							33.38476,
							35.04516
						],
						[
							33.38536,
							35.04794
						],
						[
							33.3855,
							35.04874
						],
						[
							33.3856,
							35.04955
						],
						[
							33.38567,
							35.05071
						],
						[
							33.38566,
							35.05192
						],
						[
							33.38559,
							35.05292
						],
						[
							33.38537,
							35.0544
						],
						[
							33.38514,
							35.05539
						],
						[
							33.38486,
							35.05638
						],
						[
							33.38469,
							35.05686
						],
						[
							33.38428,
							35.05788
						],
						[
							33.38395,
							35.0586
						],
						[
							33.3835,
							35.05947
						],
						[
							33.38299,
							35.06034
						],
						[
							33.38247,
							35.06112
						],
						[
							33.38227,
							35.06141
						],
						[
							33.38161,
							35.06229
						],
						[
							33.38062,
							35.06343
						],
						[
							33.37967,
							35.06448
						],
						[
							33.37913,
							35.0651
						],
						[
							33.37851,
							35.06594
						],
						[
							33.37797,
							35.06687
						],
						[
							33.37752,
							35.06791
						],
						[
							33.3773,
							35.06855
						],
						[
							33.37708,
							35.06938
						],
						[
							33.37698,
							35.07002
						],
						[
							33.37692,
							35.07111
						],
						[
							33.37698,
							35.07642
						],
						[
							33.37697,
							35.07984
						],
						[
							33.37694,
							35.08087
						],
						[
							33.37687,
							35.08177
						],
						[
							33.37667,
							35.08317
						],
						[
							33.37621,
							35.0854
						],
						[
							33.37607,
							35.08634
						],
						[
							33.37584,
							35.08704
						],
						[
							33.37557,
							35.08779
						],
						[
							33.37527,
							35.08856
						],
						[
							33.37219,
							35.09606
						],
						[
							33.36912,
							35.10349
						],
						[
							33.36767,
							35.107
						],
						[
							33.36503,
							35.1135
						],
						[
							33.36321,
							35.11777
						],
						[
							33.363,
							35.1184
						],
						[
							33.36288,
							35.11889
						],
						[
							33.36271,
							35.11986
						],
						[
							33.36261,
							35.12083
						],
						[
							33.36262,
							35.12172
						],
						[
							33.36265,
							35.12213
						],
						[
							33.36281,
							35.12312
						],
						[
							33.36302,
							35.12393
						],
						[
							33.36331,
							35.12467
						],
						[
							33.36357,
							35.12527
						],
						[
							33.36386,
							35.12582
						],
						[
							33.36415,
							35.12633
						],
						[
							33.36448,
							35.12683
						],
						[
							33.36488,
							35.12736
						],
						[
							33.36533,
							35.12788
						],
						[
							33.36578,
							35.12832
						],
						[
							33.36614,
							35.12864
						],
						[
							33.36671,
							35.1291
						],
						[
							33.36771,
							35.12976
						],
						[
							33.37013,
							35.13112
						],
						[
							33.37069,
							35.13147
						],
						[
							33.37108,
							35.13176
						],
						[
							33.3719,
							35.13244
						],
						[
							33.37222,
							35.13275
						],
						[
							33.37262,
							35.13316
						],
						[
							33.37293,
							35.13353
						],
						[
							33.3736,
							35.13447
						],
						[
							33.37406,
							35.13529
						],
						[
							33.37437,
							35.13607
						],
						[
							33.37459,
							35.13685
						],
						[
							33.37473,
							35.13745
						],
						[
							33.37477,
							35.13779
						],
						[
							33.3748,
							35.13851
						],
						[
							33.37475,
							35.14009
						],
						[
							33.37469,
							35.14054
						],
						[
							33.37434,
							35.14195
						],
						[
							33.3739,
							35.14384
						],
						[
							33.37384,
							35.14423
						],
						[
							33.37382,
							35.14469
						],
						[
							33.37399,
							35.14564
						],
						[
							33.37415,
							35.14671
						],
						[
							33.37417,
							35.1482
						],
						[
							33.37417,
							35.14894
						],
						[
							33.3742,
							35.14941
						],
						[
							33.37446,
							35.15162
						],
						[
							33.37475,
							35.15276
						],
						[
							33.37507,
							35.154
						],
						[
							33.37515,
							35.1545
						],
						[
							33.37509,
							35.15504
						],
						[
							33.37493,
							35.15544
						],
						[
							33.37471,
							35.15577
						],
						[
							33.37372,
							35.15688
						],
						[
							33.37345,
							35.15732
						],
						[
							33.37337,
							35.15755
						],
						[
							33.3728,
							35.15886
						],
						[
							33.37258,
							35.15934
						],
						[
							33.37243,
							35.15971
						],
						[
							33.37225,
							35.16003
						],
						[
							33.37212,
							35.16019
						],
						[
							33.37192,
							35.16035
						],
						[
							33.37171,
							35.16047
						],
						[
							33.3714,
							35.16057
						],
						[
							33.37057,
							35.1607
						],
						[
							33.3692,
							35.16092
						],
						[
							33.36833,
							35.16118
						],
						[
							33.36777,
							35.1614
						],
						[
							33.36726,
							35.16167
						],
						[
							33.36673,
							35.16199
						],
						[
							33.36624,
							35.16231
						],
						[
							33.36671,
							35.16313
						],
						[
							33.36713,
							35.16391
						],
						[
							33.36656,
							35.16416
						],
						[
							33.36572,
							35.16455
						],
						[
							33.36557,
							35.16472
						],
						[
							33.36475,
							35.16461
						],
						[
							33.36454,
							35.16458
						]
					]
				]
			}
		},
		{
			"type": "Feature",
			"properties": {
				"name": "Digeni Akrita 87, Nicosia, Cyprus to MADRID STREET, Nicosia 2306"
			},
			"geometry": {
				"type": "MultiLineString",
				"coordinates": [
					[
						[
							33.36454,
							35.16458
						],
						[
							33.36573,
							35.16474
						],
						[
							33.36572,
							35.16484
						],
						[
							33.36575,
							35.16494
						],
						[
							33.36621,
							35.16609
						],
						[
							33.36672,
							35.1673
						],
						[
							33.36711,
							35.1682
						],
						[
							33.36714,
							35.16832
						],
						[
							33.36708,
							35.16847
						],
						[
							33.36784,
							35.16894
						],
						[
							33.36916,
							35.16974
						],
						[
							33.37051,
							35.17055
						],
						[
							33.37073,
							35.17077
						],
						[
							33.37084,
							35.17099
						],
						[
							33.37116,
							35.17253
						],
						[
							33.37124,
							35.17276
						],
						[
							33.37138,
							35.17306
						],
						[
							33.37159,
							35.17329
						],
						[
							33.37194,
							35.17354
						],
						[
							33.37255,
							35.17389
						],
						[
							33.3728,
							35.17404
						],
						[
							33.37289,
							35.17414
						],
						[
							33.37301,
							35.17431
						],
						[
							33.37309,
							35.17452
						],
						[
							33.37312,
							35.17474
						],
						[
							33.37303,
							35.1751
						],
						[
							33.37267,
							35.17574
						],
						[
							33.37278,
							35.17581
						],
						[
							33.37291,
							35.17584
						],
						[
							33.3739,
							35.1759
						],
						[
							33.37446,
							35.17593
						],
						[
							33.37452,
							35.17606
						],
						[
							33.37474,
							35.17652
						],
						[
							33.37487,
							35.17687
						],
						[
							33.37512,
							35.17747
						],
						[
							33.37531,
							35.17784
						],
						[
							33.37614,
							35.17933
						],
						[
							33.37645,
							35.17989
						],
						[
							33.37671,
							35.18028
						],
						[
							33.377,
							35.18067
						],
						[
							33.3772,
							35.18099
						],
						[
							33.37756,
							35.1816
						],
						[
							33.37782,
							35.18197
						],
						[
							33.37819,
							35.18234
						],
						[
							33.37853,
							35.18272
						],
						[
							33.37875,
							35.18295
						],
						[
							33.37895,
							35.18321
						],
						[
							33.37913,
							35.18356
						],
						[
							33.37947,
							35.1842
						],
						[
							33.37962,
							35.18465
						],
						[
							33.37973,
							35.18494
						],
						[
							33.37976,
							35.18508
						],
						[
							33.3798,
							35.18523
						],
						[
							33.3799,
							35.18526
						],
						[
							33.38044,
							35.18583
						],
						[
							33.38055,
							35.18597
						],
						[
							33.38058,
							35.18605
						],
						[
							33.38222,
							35.18546
						]
					]
				]
			}
		}
	]
}